{
    "name": "SwinTransformer_RD",
    "seed":3,
    "data_mode":"Default",
    "model": {
        "depths": [2,2,6,2],
        "channels": [32,40,48,56],
        "patch_size": 2,
        "in_chans": 32,
        "embed_dim": 48,
        "drop_rates": [0.0,0.0,0.0],
        "num_heads": [3,6,12,24],
        "DetectionHead": "True",
        "SegmentationHead": "True"
    },
    "dataset": {
        "root_dir": "/imec/other/dl4ms/chu06/data/",
        "geometry":{
            "ranges": [512,896,1],
            "resolution": [0.673828125,0.2],
            "size": 3
        },
        "statistics":{
            "input_mean":[7.06430047e-11,  1.24442498e-11, -1.77583329e-10, -2.10502022e-10,
            2.53292142e-10, -9.00746062e-11,  1.89241358e-10,  3.47757342e-11,
           -2.41579764e-10, -1.48665962e-10, -2.56584702e-11, -4.01409430e-10,
            3.70359463e-10,  1.46297076e-10,  2.17522825e-10,  3.12860754e-11,
           -9.49378829e-11, -3.58693901e-10,  2.87186400e-10,  2.45252031e-10,
           -3.51019528e-11, -1.41795214e-10,  3.06161702e-10, -3.36731208e-10,
           -3.38266623e-12,  3.67160507e-10, -2.35719019e-10,  1.19181197e-10,
            6.82791067e-11,  2.81842940e-10, -6.16829635e-11,  4.20524180e-10],
            "input_std":[7.86189883e+08, 7.94907570e+08, 7.81678977e+08, 7.58260704e+08,
            7.36273896e+08, 7.14339462e+08, 7.17958061e+08, 7.36860310e+08,
            7.57831686e+08, 7.83628901e+08, 7.91257755e+08, 7.83877930e+08,
            7.67160704e+08, 7.40062059e+08, 7.17983772e+08, 7.12081940e+08,
            7.28441112e+08, 7.17650741e+08, 7.34563869e+08, 7.61189445e+08,
            7.80980634e+08, 7.98688596e+08, 7.95602689e+08, 7.80848717e+08,
            7.61336662e+08, 7.31970972e+08, 7.21163579e+08, 7.31012584e+08,
            7.51764771e+08, 7.78175229e+08, 7.95990660e+08, 8.00725665e+08],
            "reg_mean":[2.3188366,  0.27666667],
            "reg_std":[14.61668122,  0.69657242]
        }
    },
    "losses": {
        "fct":"PixorLoss",
        "classification": "FocalLoss",
        "regression": "smoothL1Loss",
        "weight": [2,100,100]
    },
    "lr_scheduler": {
        "step_size": 10,
        "gamma": 0.9
    },
    "asam": {
        "rho": 0.5,
        "eta": 0.01
    },
    "optimizer": {
        "lr": 1e-4
    },
    "num_epochs":150,
    "dataloader": {
        "mode":"random",
        "split":[0.7,0.15,0.15],
        "train": {
            "batch_size": 4,
            "num_workers": 4
    	},
        "val": {
            "batch_size": 4,
            "num_workers": 4
        },
        "test": {
            "batch_size": 1,
            "num_workers": 1
        }
    },
    "output": {
	"dir": ""
    }
}
